Number,Title,Body,Closed,Merged,MergedAt,ClosedAt,ReviewComments,Participants,Comments,Files,Additions,Deletions,Modifications,TimeToMergeOrClose
1262,Create dfsdf,4,True,False,,2024-03-20T09:08:37Z,0,1,1,1,1,0,1,0
1082,修改 Leetcode 题解 - 字符串 - 判断一个整数是否是回文数,112,True,False,,2024-03-04T20:11:47Z,0,1,0,1,1,1,2,0
1253,Update Java 并发.md,22,True,False,,2023-10-28T09:57:57Z,0,1,2,1,8,0,8,0
997,HTML,48,True,False,,2020-11-01T15:48:31Z,0,3,1,6,65,0,65,0
1236,Update Java 基础.md,0,True,False,,2023-08-16T09:39:06Z,0,2,1,1,1,1,2,0
1241,Update Leetcode 题解 - 排序.md,16,True,False,,2023-07-21T02:43:11Z,0,8,7,1,32,0,32,0
1238,Update README.md,12,True,False,,2023-07-01T16:12:58Z,1,1,0,1,37,37,74,0
1094,删除无用的else if语句,0,True,False,,2023-06-20T01:23:44Z,0,1,0,1,0,2,2,0
964,Update Java 虚拟机.md,91,True,False,,2023-05-13T07:42:26Z,0,1,0,1,1,1,2,0
1232,Update 数据库系统原理.md,0,True,False,,2023-04-05T18:00:49Z,0,1,1,1,1,0,1,0
1135,Update the URL of 中文文案排版指北,0,True,False,,2023-02-07T15:24:17Z,0,10,9,1,1,1,2,0
1175,Update 46. 把数字翻译成字符串.md,0,True,False,,2023-01-24T02:42:51Z,0,2,1,1,1,1,2,0
1167,Update 60. n 个骰子的点数.md,0,True,False,,2023-01-24T02:42:51Z,0,2,1,1,2,0,2,0
1165,Update 48. 最长不含重复字符的子字符串.md,0,True,False,,2023-01-24T02:42:50Z,0,1,0,1,4,0,4,0
1215,Update README.md,0,True,False,,2022-11-12T10:36:44Z,0,11,10,1,10,10,20,0
1185,添加了ISP的英文全称,34,True,False,,2022-08-18T19:18:38Z,0,1,0,1,1,1,2,0
1205,Update Leetcode 题解 - 双指针.md,0,True,False,,2022-08-12T00:00:20Z,0,9,8,1,1,1,2,0
1055,547. Friend Circles 改名为547. Number of Provinces,9,True,False,,2022-04-11T13:49:51Z,0,1,0,1,2,2,4,0
1054,547. Friend Circles 改名为547. Number of Provinces,11,True,False,,2022-04-11T13:49:51Z,0,1,0,1,2,2,4,0
1188,Switch to gender neutral terms,409,True,False,,2022-03-31T15:50:30Z,0,3,2,1,2,2,4,0
1186,"fix line 227 misspelled word ""new_value""",0,True,False,,2022-03-25T14:21:37Z,0,1,0,1,1,1,2,0
1177,删除冗余代码,0,True,False,,2022-03-17T12:55:05Z,0,1,0,1,0,1,1,0
1159,Jyoti added a message,0,True,False,,2021-12-13T18:29:27Z,0,1,0,1,1,1,2,0
1114,Template method can not be overridden,68,True,False,,2021-06-28T05:06:29Z,0,1,0,1,6,6,12,0
1107,修正 665. 修改一个数成为非递减数组（Non-decreasing Array）难度提示,72,True,False,,2021-06-27T06:01:08Z,0,1,0,1,1,1,2,0
1106,修正 633. 两数平方和（Sum of Square Numbers）难度提示,66,True,False,,2021-06-27T06:01:08Z,0,1,0,1,1,1,2,0
1108,Update 计算机操作系统 - 进程管理.md,11,True,False,,2021-06-17T12:05:33Z,0,1,0,1,2,2,4,0
1089,Update Leetcode 题解 - 目录.md,0,True,False,,2021-05-10T09:22:43Z,0,1,0,1,1,1,2,0
1076,Merge pull request #1 from CyC2018/master,18,True,False,,2021-04-18T16:56:28Z,0,2,1,0,0,0,0,0
1046,547. Friend Circles 改名为547. Number of Provinces,16,True,False,,2021-02-06T05:36:52Z,0,1,0,1,3,3,6,0
1045,代码冗余,12,True,False,,2021-01-28T15:27:43Z,0,1,1,1,0,1,1,0
1049,Update Leetcode 题解 - 目录.md,0,True,False,,2021-02-03T16:17:15Z,0,1,0,1,5,5,10,0
1050,Update Leetcode 题解 - 目录.md,0,True,False,,2021-02-03T16:16:55Z,0,1,0,1,1,1,2,0
1043,Merge pull request #1 from CyC2018/master,6,True,False,,2021-01-18T10:03:49Z,0,1,0,0,0,0,0,0
1040,update-1,4,True,False,,2021-01-13T11:37:55Z,0,1,1,0,0,0,0,0
1027,update,0,True,False,,2020-12-10T06:48:43Z,0,1,0,0,0,0,0,0
1025,Update Leetcode 题解 - 目录.md,0,True,False,,2020-12-06T12:00:07Z,0,1,0,1,1,1,2,0
1023,Update README.md,8,True,False,,2020-11-28T03:03:28Z,0,1,0,1,1,0,1,0
1011,文本小错误更改,0,True,True,2020-11-19T17:42:39Z,2020-11-19T17:42:39Z,0,3,3,4,8,2,10,957517.0
1017,修复ArrayList扩容机制的问题,59,True,True,2020-11-18T17:36:11Z,2020-11-18T17:36:11Z,0,2,0,1,1,1,2,41876.0
1015,补充switch的使用,0,True,True,2020-11-17T19:03:53Z,2020-11-17T19:03:53Z,0,2,0,1,1,1,2,27415.0
1016,fix markdown  errors,0,True,True,2020-11-17T18:19:58Z,2020-11-17T18:19:59Z,0,2,0,1,6,6,12,20681.0
1010,修复 6. 买卖股票的最大收益 II 的错误,80,True,False,,2020-11-07T09:57:02Z,0,3,2,1,11,9,20,0
1013,Update 计算机操作系统 - 内存管理.md,10,True,False,,2020-11-16T16:54:50Z,0,2,0,1,1,0,1,0
1012,Merge pull request #1 from CyC2018/master,19,True,False,,2020-11-09T15:15:27Z,0,1,0,0,0,0,0,0
1008,增加了方法重载和构造重载的例子,0,True,True,2020-11-03T16:31:07Z,2020-11-03T16:31:07Z,0,3,0,1,49,0,49,26787.0
1007,添加 能进行任意次数的股票交易,19,True,False,,2020-11-02T17:34:33Z,0,3,3,2,42,0,42,0
1006,[#1005] 添加leetcode题目 股票的最大利润二,0,True,False,,2020-11-02T16:42:58Z,0,3,3,2,50,0,50,0
969,Update 数据库系统原理.md,7,True,True,2020-11-01T16:49:47Z,2020-11-01T16:49:47Z,0,2,0,1,1,1,2,6942129.0
972,update 链表.md (修改链表求和代码错误),10,True,False,,2020-11-01T16:48:43Z,0,2,1,1,16,10,26,0
952,Update Leetcode 题解 - 双指针.md,0,True,False,,2020-11-01T16:25:45Z,0,2,0,1,1,1,2,0
940,修正部分格式显示不正确问题,0,True,True,2020-11-01T16:07:03Z,2020-11-01T16:07:03Z,0,2,0,1,2,0,2,13661903.0
941,修复打错的代码,25,True,True,2020-11-01T16:03:58Z,2020-11-01T16:03:58Z,0,2,0,1,1,1,2,13489787.0
957,fixed (修改剑指offer35，47，目录问题),78,True,True,2020-11-01T15:58:32Z,2020-11-01T15:58:32Z,0,2,1,3,3,2,5,9182771.0
990,Update .gitignore,0,True,False,,2020-11-01T15:55:07Z,0,1,0,1,2,1,3,0
993,fix url error,0,True,True,2020-11-01T15:54:00Z,2020-11-01T15:54:00Z,0,2,0,1,1,1,2,1421776.0
994,fix url errors,0,True,True,2020-11-01T15:50:48Z,2020-11-01T15:50:48Z,0,2,0,1,1,1,2,1419708.0
991,StringPool Tutorials : s1 change to s2,239,True,True,2020-11-01T15:46:10Z,2020-11-01T15:46:10Z,1,3,0,1,1,1,2,1729121.0
1000,简化函数,0,True,False,,2020-11-01T14:30:52Z,2,3,1,1,11,17,28,0
1002,[1001] fix reverse integer link for leetcode summary,0,True,True,2020-11-01T14:23:44Z,2020-11-01T14:23:44Z,0,3,0,1,1,1,2,1530.0
970,Professional language specification,0,True,True,2020-09-26T15:06:28Z,2020-09-26T15:06:28Z,0,6,6,1,5,5,10,3419472.0
977,Update the title format of NRU algorithm.,75,True,False,,2020-09-26T15:05:23Z,0,2,0,1,1,0,1,0
978,Add english title for second chance algorithm,0,True,False,,2020-09-26T15:05:00Z,0,2,0,1,3,0,3,0
971,Merge pull request #1 from CyC2018/master,19,True,False,,2020-08-19T14:21:09Z,0,1,0,0,0,0,0,0
926,update wrong data,17,True,True,2020-05-26T17:37:08Z,2020-05-26T17:37:08Z,1,3,2,1,1,1,2,2636656.0
886,Update Linux.md,10,True,True,2020-05-26T17:51:56Z,2020-05-26T17:51:56Z,1,3,0,1,1,1,2,7265118.0
889,Minor revision,20,True,True,2020-05-26T17:48:10Z,2020-05-26T17:48:11Z,1,3,0,1,1,1,2,6607829.0
891,Merge pull request #1 from CyC2018/master,4,True,False,,2020-05-26T17:47:03Z,0,2,0,0,0,0,0,0
903,Update Java 虚拟机.md,15,True,False,,2020-05-26T17:46:44Z,0,2,0,1,1,0,1,0
912,change the wording,143,True,True,2020-05-26T17:41:40Z,2020-05-26T17:41:40Z,0,2,0,1,1,1,2,3944567.0
925,Update SQL.md,46,True,True,2020-05-26T17:33:47Z,2020-05-26T17:33:47Z,1,3,0,1,1,1,2,2708352.0
923,Create Spring,0,True,False,,2020-05-26T17:30:27Z,0,2,1,1,213,0,213,0
934,修复失效的链接,258,True,False,,2020-05-26T17:29:15Z,1,4,2,1,25,25,50,0
939,修改数据库原理中知识点表述,45,True,True,2020-05-26T17:25:52Z,2020-05-26T17:25:52Z,0,2,0,1,4,4,8,530212.0
935,Update 计算机操作系统 - 进程管理.md,23,True,False,,2020-05-10T04:14:44Z,0,1,0,1,1,1,2,0
916,Merge pull request #1 from CyC2018/master,6,True,False,,2020-04-16T03:08:31Z,0,1,0,0,0,0,0,0
913,Update 5. 替换空格.md,0,True,False,,2020-04-14T02:03:00Z,0,1,0,1,47,0,47,0
910,fixed description of [OutputStreamWriter],38,True,False,,2020-04-07T03:00:18Z,0,2,1,1,2,1,3,0
904,Merge pull request #1 from CyC2018/master,19,True,False,,2020-03-29T01:38:37Z,0,1,0,0,0,0,0,0
895,Merge pull request #1 from CyC2018/master,6,True,False,,2020-03-20T01:13:16Z,0,1,0,0,0,0,0,0
893,Merge pull request #1 from CyC2018/master,21,True,False,,2020-03-17T03:33:25Z,0,1,0,0,0,0,0,0
887,Merge pull request #1 from CyC2018/master,4,True,False,,2020-03-08T02:29:36Z,0,1,0,0,0,0,0,0
855,"修正两个""股票交易""算法解答，将意义不明的s状态删除",44,True,True,2020-02-29T13:46:00Z,2020-02-29T13:46:00Z,0,2,2,1,23,24,47,1474617.0
851,Update Leetcode 题解 - 动态规划.md,6,True,True,2020-02-29T14:08:33Z,2020-02-29T14:08:33Z,0,2,0,1,1,1,2,3028012.0
852,JRE和JDK部分的补充,0,True,True,2020-02-29T14:03:24Z,2020-02-29T14:03:24Z,0,2,0,1,3,2,5,2681950.0
875,添加越界判断,18,True,True,2020-02-29T13:13:34Z,2020-02-29T13:13:34Z,0,2,0,1,45,12,57,810304.0
882,修正标题无法跳转&未生效,19,True,True,2020-02-29T12:37:26Z,2020-02-29T12:37:26Z,0,2,0,2,2,0,2,291185.0
880,Update 计算机操作系统 - 概述.md,29,True,False,,2020-02-23T16:48:51Z,0,2,0,1,1,1,2,0
857,Update Leetcode-Database.md,31,True,True,2020-02-23T16:46:27Z,2020-02-23T16:46:27Z,0,2,0,1,1,1,2,783527.0
843,create 123,0,True,False,,2020-02-09T06:52:52Z,0,3,1,1,1,0,1,0
853,Update Leetcode 题解 - 哈希表.md,0,True,False,,2020-02-09T06:52:23Z,0,3,0,1,7,1,8,0
581,Update HTTP.md,41,True,False,,2019-02-25T13:00:56Z,0,1,0,0,0,0,0,0
847,Update Leetcode 题解 - 双指针.md,0,True,False,,2020-01-14T14:22:05Z,0,1,0,1,1,1,2,0
844,Fix typo,0,True,False,,2020-01-13T13:47:11Z,0,1,0,1,1,1,2,0
840,Update 计算机操作系统 - 进程管理.md,20,True,False,,2020-01-08T17:06:23Z,0,2,0,1,7,0,7,0
841,Update 计算机操作系统 - 进程管理.md,29,True,False,,2020-01-08T17:06:10Z,0,2,1,1,5,0,5,0
835,formated,0,True,False,,2020-01-08T17:02:20Z,0,2,0,1,1,0,1,0
832,Update 3. 数组中重复的数字.md,0,True,False,,2019-12-24T12:51:26Z,0,1,0,1,5,1,6,0
791,Update 数据库系统原理.md,10,True,False,,2019-11-30T08:49:19Z,0,2,0,1,1,0,1,0
734,为leetcode392题增加后续挑战题解,0,True,False,,2019-11-30T08:49:02Z,0,3,1,1,42,0,42,0
808,//迭代的关联关系箭头画反了。,15,True,True,2019-11-30T08:45:28Z,2019-11-30T08:45:28Z,0,2,0,1,2,0,2,2352904.0
810,Update 计算机网络 - 概述.md,24,True,True,2019-11-30T07:05:16Z,2019-11-30T07:05:16Z,0,2,0,1,1,1,2,2123671.0
814,改正 Memento 单词拼写错误,31,True,True,2019-11-30T06:54:58Z,2019-11-30T06:54:58Z,0,2,0,2,2,2,4,1466926.0
811,change,6,True,False,,2019-11-30T03:38:34Z,0,2,0,1,1,1,2,0
818,Merge pull request #1 from CyC2018/master,6,True,False,,2019-11-19T08:43:40Z,0,1,0,0,0,0,0,0
813,Merge pull request #1 from CyC2018/master,15,True,False,,2019-11-11T15:13:36Z,0,1,0,0,0,0,0,0
806,Merge pull request #1 from CyC2018/master,5,True,True,2019-10-27T10:41:22Z,2019-10-27T10:41:22Z,0,2,0,0,0,0,0,171006.0
780,Leetcode 题解 - 排序.md 1. Kth Element,111,True,False,,2019-10-16T18:34:37Z,0,2,3,1,2,3,5,0
793,remove unexpected spaces,27,True,True,2019-10-16T18:31:55Z,2019-10-16T18:31:55Z,0,2,0,1,3,3,6,2329307.0
798,修改动态规划-背包问题第四个成能通过leetcode的代码,2,True,True,2019-10-16T18:30:33Z,2019-10-16T18:30:33Z,0,2,0,1,11,23,34,975552.0
790,修正Leetcode题解的位运算基本原理部分的描述错误,0,True,True,2019-10-16T18:05:01Z,2019-10-16T18:05:01Z,0,2,0,1,2,2,4,2549756.0
804,Merge pull request #1 from CyC2018/master,15,True,True,2019-10-16T18:02:27Z,2019-10-16T18:02:27Z,0,2,0,0,0,0,0,56182.0
802,Update README.md,0,True,False,,2019-10-13T09:44:16Z,0,1,0,1,66,65,131,0
772,Update SQL.md,0,True,False,,2019-09-28T15:19:01Z,0,2,1,1,13,0,13,0
752,修改leetcode题解动态规划01背包问题第五题,45,True,True,2019-09-15T15:58:44Z,2019-09-15T15:58:44Z,0,2,0,1,0,3,3,4546833.0
756,Update Leetcode 题解 - 动态规划.md,29,True,True,2019-09-15T15:54:16Z,2019-09-15T15:54:16Z,0,2,1,1,1,1,2,3977683.0
735,增加 HTTP/1.1 pipelining 缺陷描述 修正 QuickSort 中的小问题,46,True,False,,2019-09-15T15:49:01Z,1,3,1,2,14,30,44,0
745,Update 剑指 Offer 题解 - 3~9.md,0,True,False,,2019-09-15T15:47:47Z,0,3,2,1,33,1,34,0
783,Modify Hashtable spelling,0,True,True,2019-09-15T15:21:58Z,2019-09-15T15:21:58Z,0,3,1,1,3,3,6,910003.0
785,间隙锁前开后闭,78,True,True,2019-09-15T15:18:30Z,2019-09-15T15:18:30Z,0,2,0,1,2,2,4,556638.0
786,modify the description,72,True,True,2019-09-15T15:16:31Z,2019-09-15T15:16:31Z,0,2,0,2,2,2,4,290100.0
782,Merge pull request #1 from CyC2018/master,6,True,False,,2019-09-02T06:45:25Z,0,1,0,0,0,0,0,0
775,Merge pull request #5 from CyC2018/master,7,True,False,,2019-08-21T06:41:08Z,0,1,2,0,0,0,0,0
766,Update Linux.md,41,True,False,,2019-08-18T15:44:14Z,0,2,1,1,1,1,2,0
769,#768 issue Java 容器 JDK.1.7 HashMap 扩容源代码描述,20,True,True,2019-08-18T15:37:21Z,2019-08-18T15:37:21Z,0,2,0,1,1,1,2,534099.0
754,Update Java 容器.md,109,True,True,2019-08-11T15:23:32Z,2019-08-11T15:23:32Z,0,2,1,1,1,0,1,1134814.0
759,相对地址和更正错题,35,True,False,,2019-08-11T15:12:08Z,0,2,0,5,49,78,127,0
762,Update Java 基础.md,0,True,True,2019-08-11T15:10:12Z,2019-08-11T15:10:12Z,0,2,0,1,8,3,11,271484.0
763,调整段落位置,28,True,True,2019-08-11T15:02:11Z,2019-08-11T15:02:11Z,0,2,0,1,2,2,4,98092.0
764,Update Java 并发.md,2,True,False,,2019-08-11T05:05:11Z,0,1,0,1,1,1,2,0
751,Merge pull request #1 from CyC2018/master,6,True,False,,2019-07-26T09:57:03Z,0,1,0,0,0,0,0,0
736,更正MVCC里SELECT操作时检查行数据版本号的条件。,28,True,True,2019-07-21T15:20:29Z,2019-07-21T15:20:29Z,0,2,0,1,1,1,2,1479789.0
740,Gap lock 与NEXT-KEY Lock不是一回事，NEXT-KEY Lock = NEXT-KEY Lock + Record Lock,141,True,True,2019-07-21T15:16:54Z,2019-07-21T15:16:54Z,0,2,0,1,1,1,2,1055014.0
748,修改构建工具部分的笔误,197,True,True,2019-07-21T15:16:07Z,2019-07-21T15:16:08Z,0,2,0,1,1,1,2,382873.0
749,Update 构建工具.md,6,True,True,2019-07-21T15:15:27Z,2019-07-21T15:15:27Z,0,2,0,1,1,1,2,259802.0
742,Merge pull request #1 from CyC2018/master,5,True,False,,2019-07-10T03:30:52Z,0,1,0,0,0,0,0,0
739,merge,0,True,False,,2019-07-09T10:13:46Z,0,2,0,325,19897,55,19952,0
733,Update 计算机操作系统 - 概述.md,0,True,False,,2019-06-27T03:05:13Z,0,2,3,1,4,0,4,0
732,修正Git图像中的笔误,36,True,True,2019-06-25T12:54:42Z,2019-06-25T12:54:42Z,0,2,3,2,0,0,0,23209.0
729,修改Java并发守护线程部分,69,True,True,2019-06-20T15:19:21Z,2019-06-20T15:19:21Z,0,2,0,1,2,1,3,11081.0
660,Update Socket.md,7,True,True,2019-06-19T03:54:28Z,2019-06-19T03:54:28Z,0,2,0,1,2,2,4,6191094.0
617,Update 计算机操作系统 - 进程管理.md,0,True,True,2019-06-19T02:53:36Z,2019-06-19T02:53:36Z,1,3,0,1,3,2,5,7999661.0
728,Modify linux chapter,0,True,True,2019-06-19T02:42:49Z,2019-06-19T02:42:49Z,0,2,0,1,2,2,4,4830.0
726,fix sql,29,True,True,2019-06-19T02:40:25Z,2019-06-19T02:40:25Z,0,2,0,1,1,1,2,68127.0
725,update Java 基础.md,4,True,True,2019-06-17T16:12:58Z,2019-06-17T16:12:59Z,0,2,0,1,1,1,2,16966.0
722,Merge pull request #1 from CyC2018/master,2,True,False,,2019-06-13T06:28:52Z,0,1,1,0,0,0,0,0
721,删除一些文件,6,True,False,,2019-06-13T05:30:53Z,0,2,1,1,0,3,3,0
715,Update Java 虚拟机.md,21,True,True,2019-06-04T13:47:05Z,2019-06-04T13:47:05Z,0,2,0,1,2,2,4,734108.0
718,Made English translation of the ReadMe,75,True,True,2019-06-04T14:22:45Z,2019-06-04T14:22:46Z,0,3,3,1,22,16,38,232627.0
720,Update Leetcode 题解 - 链表.md,0,True,False,,2019-06-04T13:34:14Z,0,2,2,1,2,0,2,0
716,Update Leetcode 题解 - 动态规划.md,2,True,True,2019-06-04T13:41:38Z,2019-06-04T13:41:38Z,0,2,0,1,1,1,2,467256.0
719,Leetcode 题解 - 链表.md-新增了关于链表有交点的说明,0,True,True,2019-06-04T13:40:49Z,2019-06-04T13:40:49Z,0,2,0,1,1,1,2,33991.0
709,增加了缓存位置及缓存问题相关示例 ,0,True,True,2019-05-21T02:52:47Z,2019-05-21T02:52:47Z,0,2,3,1,35,4,39,255393.0
712,前端面试每日3+1开源项目,15,True,True,2019-05-21T02:52:31Z,2019-05-21T02:52:31Z,0,2,0,1,132,0,132,5715.0
708,增加了缓存位置及缓存问题相关示例,0,True,False,,2019-05-18T03:55:23Z,0,1,0,1,24,2,26,0
602,Update Java 容器.md,0,True,False,,2019-05-14T16:08:25Z,2,3,0,1,26,6,32,0
630,update SQL.md,11,True,False,,2019-05-14T16:06:44Z,0,2,1,1,28,0,28,0
704,notes/MySQL.md: DATETIME range should be 1000-01-01,106,True,True,2019-05-14T09:03:37Z,2019-05-14T09:03:37Z,0,2,0,1,1,1,2,68780.0
700,修改leetcode题解失效链接和分治代码,48,True,True,2019-05-14T09:00:18Z,2019-05-14T09:00:19Z,0,2,0,2,4,1,5,248965.0
698,Update 计算机操作系统 - 进程管理.md,13,True,True,2019-05-10T03:49:42Z,2019-05-10T03:49:42Z,0,2,0,1,4,3,7,144586.0
697,Merge pull request #1 from CyC2018/master,6,True,True,2019-05-10T03:47:15Z,2019-05-10T03:47:15Z,0,2,1,0,0,0,0,148560.0
695,完善Java包装类型的缓冲池的范围，补充Integer缓冲池的特殊之处,0,True,True,2019-05-08T03:02:47Z,2019-05-08T03:02:47Z,0,2,0,1,16,7,23,60323.0
693,20190506,8,True,False,,2019-05-06T04:43:11Z,0,2,0,2,181,18,199,0
692,docs/notes/SQL.md: fix the function to all uppercase,0,True,True,2019-05-06T03:46:11Z,2019-05-06T03:46:11Z,0,2,0,1,17,17,34,7186.0
671,docs/notes/Linux.md: fix typo,0,True,True,2019-04-20T05:28:26Z,2019-04-20T05:28:26Z,0,2,0,1,1,1,2,432572.0
667,docs/notes/Linux.md: fix typo,0,True,True,2019-04-20T05:29:19Z,2019-04-20T05:29:19Z,0,2,0,1,1,1,2,598301.0
666,docs/notes/Linux.md: fix typo,0,True,True,2019-04-20T05:29:57Z,2019-04-20T05:29:57Z,0,2,0,1,1,1,2,672220.0
664,docs/notes/计算机操作系统 - 链接.md: 使用更恰当的术语,217,True,True,2019-04-20T05:32:58Z,2019-04-20T05:32:59Z,0,2,0,1,5,5,10,701158.0
690,Update Leetcode 题解 - 动态规划.md : 代码缩进,4,True,True,2019-04-29T03:18:00Z,2019-04-29T03:18:00Z,0,2,0,1,2,2,4,633.0
687,重写与重载示例代码,15,True,True,2019-04-26T13:12:59Z,2019-04-26T13:12:59Z,0,2,0,1,31,21,52,124893.0
688,Update Leetcode 题解 - 搜索.md ：代码缩进,7,True,True,2019-04-25T07:23:49Z,2019-04-25T07:23:49Z,0,2,0,1,1,1,2,288.0
686,Update Java 基础.md,15,True,False,,2019-04-25T02:28:11Z,0,1,0,1,29,14,43,0
685,update,0,True,False,,2019-04-24T10:03:34Z,0,1,0,0,0,0,0,0
684,Fix isSorted,0,True,True,2019-04-24T06:03:09Z,2019-04-24T06:03:09Z,0,2,0,1,1,1,2,184.0
683,update Leetcode 题解 - 搜索.md,4,True,True,2019-04-24T05:52:25Z,2019-04-24T05:52:25Z,0,2,0,1,1,1,2,10772.0
682,Update Java 虚拟机.md,36,True,True,2019-04-22T16:28:00Z,2019-04-22T16:28:00Z,0,2,0,1,6,1,7,31938.0
668,修正了 经典练习题.sql 第19题的错误,399,True,True,2019-04-20T05:32:06Z,2019-04-20T05:32:06Z,0,3,1,1,2,2,4,570397.0
670,代码优化，去除剑指offer10.1题斐波那契数列最后一种解法中fib[2]=2的一行代码,0,True,True,2019-04-20T05:30:40Z,2019-04-20T05:30:40Z,0,2,0,1,0,1,1,524476.0
675,Leetcode 题解 - 分治.md ：添加了一个能很好体现分治算法思想的例题。,20,True,True,2019-04-18T07:57:05Z,2019-04-18T07:57:05Z,0,2,0,1,51,0,51,230640.0
676,Update Leetcode 题解 - 搜索.md : 695题应为Medium,12,True,True,2019-04-18T06:43:54Z,2019-04-18T06:43:54Z,0,2,0,1,1,1,2,165770.0
674,Leetcode 题解 - 分治.md : Added a good example of divide and conquer algorithm.,53,True,False,,2019-04-15T15:43:55Z,0,1,0,1,43,0,43,0
663,docs/notes/计算机操作系统 - 内存管理.md: fix typo,0,True,True,2019-04-11T12:32:33Z,2019-04-11T12:32:33Z,0,2,0,1,1,1,2,704.0
662,docs/notes/计算机操作系统 - 进程管理.md: fix typo,0,True,True,2019-04-11T12:07:22Z,2019-04-11T12:07:22Z,0,2,0,1,1,1,2,20622.0
661,docs/notes/计算机操作系统 - 进程管理.md: fix typo,56,True,True,2019-04-11T12:09:05Z,2019-04-11T12:09:05Z,0,2,0,1,1,1,2,22194.0
653,网络层：fix typo,0,True,True,2019-04-11T12:37:03Z,2019-04-11T12:37:03Z,0,2,0,1,1,1,2,365756.0
651,HTTP.md: fix typo,84,True,True,2019-04-11T12:28:18Z,2019-04-11T12:28:18Z,0,2,1,1,1,1,2,466999.0
649,新增缓存淘汰策略LFU,0,True,True,2019-04-11T14:45:37Z,2019-04-11T14:45:37Z,0,2,0,1,2,0,2,643809.0
606,Update HTTP.md,8,True,False,,2019-04-11T14:43:24Z,0,3,2,1,223,223,446,0
650,LAB => LBA,0,True,True,2019-04-11T14:41:41Z,2019-04-11T14:41:41Z,0,2,0,1,1,1,2,545705.0
652,Update SQL.md,18,True,True,2019-04-11T12:33:23Z,2019-04-11T12:33:23Z,0,2,0,1,28,27,55,428048.0
654,Update 计算机操作系统 - 内存管理.md : fix typo,8,True,True,2019-04-11T12:31:05Z,2019-04-11T12:31:05Z,0,2,0,1,1,1,2,347042.0
655, Update Linux.md : fix typo,8,True,True,2019-04-11T12:29:38Z,2019-04-11T12:29:38Z,0,2,0,1,1,1,2,331339.0
658,Merge pull request #1 from CyC2018/master,6,True,True,2019-04-11T12:10:17Z,2019-04-11T12:10:17Z,0,2,1,0,0,0,0,271496.0
646,update Redis.md,81,True,True,2019-04-02T01:36:40Z,2019-04-02T01:36:40Z,0,2,0,1,1,1,2,62721.0
645,Update 计算机网络 - 应用层.md,25,True,True,2019-04-02T01:36:02Z,2019-04-02T01:36:02Z,0,2,0,1,4,2,6,82199.0
644,update HTTP.md,14,True,True,2019-03-30T12:23:04Z,2019-03-30T12:23:04Z,0,2,0,1,1,1,2,23577.0
643,Update HTTP.md,12,True,False,,2019-03-30T05:33:47Z,0,3,1,1,1,1,2,0
641,Update Java 并发.md,0,True,True,2019-03-29T12:21:08Z,2019-03-29T12:21:08Z,0,2,0,1,1,1,2,211698.0
640,Update Java 容器.md,357,True,True,2019-03-26T15:44:07Z,2019-03-26T15:44:07Z,0,2,0,1,1,1,2,566.0
639,Update Java 基础.md,16,True,True,2019-03-26T06:47:38Z,2019-03-26T06:47:38Z,0,2,0,1,21,2,23,4995.0
614,jvm对boolean数组的支持,324,True,True,2019-03-26T06:41:32Z,2019-03-26T06:41:32Z,1,2,3,1,1,1,2,747178.0
558,Update 计算机网络.md,280,True,False,,2019-02-16T06:30:03Z,0,2,1,1,1,1,2,0
561,Update 计算机网络.md,91,True,True,2019-02-16T07:37:26Z,2019-02-16T07:37:26Z,0,2,0,1,1,1,2,3195.0
565,Update Java 并发.md,53,True,True,2019-02-17T09:03:29Z,2019-02-17T09:03:29Z,0,2,0,1,4,4,8,294.0
623,Update 计算机网络 - 概述.md,20,True,True,2019-03-21T14:09:08Z,2019-03-21T14:09:08Z,0,2,0,1,2,2,4,126688.0
571,Update 计算机网络.md,0,True,True,2019-02-20T02:16:44Z,2019-02-20T02:16:44Z,0,2,0,1,4,2,6,3655.0
638,2019-03-26更新,0,True,False,,2019-03-26T02:32:23Z,0,1,1,0,0,0,0,0
637,java 偏向锁拼写错误,0,True,True,2019-03-24T15:07:46Z,2019-03-24T15:07:46Z,0,2,0,1,1,1,2,83.0
633,Update Java 虚拟机.md,15,True,True,2019-03-24T14:12:44Z,2019-03-24T14:12:44Z,0,2,0,1,8,0,8,40669.0
635,Update Java 虚拟机.md,8,True,True,2019-03-24T14:09:46Z,2019-03-24T14:09:47Z,0,2,0,1,0,2,2,5959.0
632,语言校验,14,True,True,2019-03-23T15:57:49Z,2019-03-23T15:57:49Z,0,3,1,4,11,11,22,229.0
631,错误修改,15,True,False,,2019-03-23T14:47:27Z,0,2,1,5,8,8,16,0
629,Update 计算机操作系统 - 进程管理.md,10,True,True,2019-03-22T07:59:37Z,2019-03-22T07:59:37Z,0,2,0,1,1,1,2,106.0
626,Update Java 虚拟机.md,12,True,True,2019-03-21T14:07:26Z,2019-03-21T14:07:26Z,0,2,0,1,5,0,5,29482.0
625,Merge pull request #1 from CyC2018/master,11,True,False,,2019-03-21T05:42:24Z,0,1,0,0,0,0,0,0
620,Update 数据库系统原理.md,0,True,False,,2019-03-19T18:57:50Z,0,1,0,1,3,1,4,0
615,修改int缓冲池问题,46,True,True,2019-03-18T02:36:37Z,2019-03-18T02:36:37Z,0,2,0,1,5,1,6,37367.0
613,"修改""剑指offer"", 51. 数组中的逆序对",105,True,True,2019-03-17T14:16:56Z,2019-03-17T14:16:56Z,0,2,0,1,2,2,4,4868.0
612,Update MySQL.md,15,True,True,2019-03-17T12:28:52Z,2019-03-17T12:28:52Z,0,2,0,1,2,2,4,351.0
607,Update 计算机操作系统 - 概述.md,21,True,True,2019-03-13T05:48:37Z,2019-03-13T05:48:37Z,0,2,0,1,5,5,10,146.0
591,背包问题更新。,323,True,True,2019-03-05T09:26:32Z,2019-03-05T09:26:32Z,0,2,1,1,72,43,115,21109.0
586,Curstomers->Customers,0,True,True,2019-03-01T09:19:36Z,2019-03-01T09:19:36Z,0,2,0,1,1,1,2,325.0
583,edit leetcode 347,33,True,True,2019-02-26T03:25:10Z,2019-02-26T03:25:10Z,0,2,0,1,5,1,6,31413.0
582,Update HTTP.md,45,True,True,2019-02-25T13:19:40Z,2019-02-25T13:19:40Z,0,2,0,1,10,10,20,505.0
575,Update Leetcode 题解.md,55,True,True,2019-02-22T09:55:10Z,2019-02-22T09:55:10Z,0,2,0,1,1,1,2,3928.0
569,Merge pull request #1 from CyC2018/master,4,True,False,,2019-02-19T09:14:25Z,0,1,0,0,0,0,0,0
568,标记-清楚算法和标记整理算法的图片倒置了,0,True,True,2019-02-19T05:15:45Z,2019-02-19T05:15:45Z,0,2,0,1,2,2,4,132.0
555,add polymorphism examples,0,True,True,2019-02-16T16:38:57Z,2019-02-16T16:38:57Z,0,2,2,1,61,0,61,1004934.0
560,Update 计算机网络.md,0,True,True,2019-02-16T06:24:42Z,2019-02-16T06:24:42Z,0,2,0,1,1,1,2,182.0
559,Update 计算机网络.md,0,True,False,,2019-02-16T06:19:57Z,0,1,0,1,1,1,2,0
556,修改代码,0,True,True,2019-02-12T12:28:02Z,2019-02-12T12:28:02Z,0,2,0,1,4,5,9,185.0
553,修正leetcode题解笔误,6,True,True,2019-01-29T06:31:29Z,2019-01-29T06:31:29Z,0,2,1,1,1,1,2,102.0
552,Update 计算机操作系统.md,8,True,True,2019-01-29T05:19:28Z,2019-01-29T05:19:28Z,0,2,0,1,1,1,2,5578.0
550,leetcode解题修改-划分数组为和相等的两部分,15,True,True,2019-01-25T04:12:35Z,2019-01-25T04:12:35Z,0,2,0,1,0,1,1,1056.0
547,lru cache wrong sequence,0,True,False,,2019-01-24T02:28:43Z,0,2,1,1,1,1,2,0
546,update,18,True,True,2019-01-24T02:25:11Z,2019-01-24T02:25:11Z,0,2,0,0,0,0,0,123341.0
543,Merge pull request #1 from CyC2018/master,4,True,True,2019-01-17T05:27:00Z,2019-01-17T05:27:00Z,0,2,1,0,0,0,0,1559.0
541,Merge pull request #3 from CyC2018/master,13,True,False,,2019-01-14T01:18:21Z,0,1,0,0,0,0,0,0
535,update 多版本并发控制 error,51,True,False,,2019-01-11T11:25:36Z,0,2,10,1,1,1,2,0
540,Fix a little typo,288,True,True,2019-01-11T08:22:45Z,2019-01-11T08:22:45Z,0,2,0,1,1,1,2,9703.0
539,Merge pull request #1 from CyC2018/master,5,True,False,,2019-01-11T08:22:18Z,0,2,0,0,0,0,0,0
538,Merge pull request #1 from CyC2018/master,2,True,True,2019-01-11T02:12:26Z,2019-01-11T02:12:26Z,0,2,0,0,0,0,0,54763.0
534,Update 计算机操作系统.md,4,True,True,2019-01-10T08:14:26Z,2019-01-10T08:14:26Z,0,2,0,1,1,1,2,110986.0
533,Added a visualisation of code evolution,40,True,False,,2019-01-09T01:00:35Z,0,2,0,1,9,0,9,0
532,new1,4,True,False,,2019-01-09T00:59:55Z,0,2,0,2,181,18,199,0
531,Update 剑指 offer 题解.md,10,True,True,2019-01-07T12:21:30Z,2019-01-07T12:21:30Z,0,2,0,1,1,1,2,202.0
530,Update 剑指 offer 题解.md,42,True,True,2019-01-07T11:41:03Z,2019-01-07T11:41:03Z,0,2,3,1,1,1,2,91.0
529,Update 2018 这一年.md,26,True,True,2019-01-07T08:12:41Z,2019-01-07T08:12:41Z,0,2,0,1,1,1,2,1296.0
528,234回文链表处的一个注解修改,17,True,True,2019-01-07T02:18:00Z,2019-01-07T02:18:00Z,0,2,0,1,1,1,2,309.0
525,对leetcode题解的一小点更正,0,True,True,2019-01-03T01:43:56Z,2019-01-03T01:43:56Z,0,2,0,1,3,3,6,1275.0
524,Update Leetcode 题解.md,19,True,True,2019-01-02T06:42:40Z,2019-01-02T06:42:40Z,0,2,0,1,1,1,2,177.0
521,修改笔误：固态大小 --> 固定大小,0,True,True,2018-12-31T08:37:47Z,2018-12-31T08:37:47Z,0,2,0,1,1,1,2,117.0
519,correct problem#46 description,0,True,True,2018-12-28T09:23:50Z,2018-12-28T09:23:50Z,0,2,0,1,1,1,2,5188.0
516,Update 设计模式.md,38,True,True,2018-12-28T09:21:46Z,2018-12-28T09:21:46Z,0,2,0,1,3,3,6,31132.0
518,correct problem#46 description,0,True,False,,2018-12-28T07:52:52Z,0,1,0,1,1,1,2,0
515,更新,0,True,False,,2018-12-27T13:22:40Z,0,1,0,0,0,0,0,0
511,docs(notes): update basic-java,19,True,True,2018-12-24T02:28:15Z,2018-12-24T02:28:15Z,0,2,0,1,17,1,18,68649.0
512,更新描述：类加载过程的部分内容,0,True,True,2018-12-24T02:26:49Z,2018-12-24T02:26:49Z,0,2,0,1,4,2,6,67983.0
510,fix network format,0,True,True,2018-12-23T03:20:43Z,2018-12-23T03:20:43Z,0,2,0,1,2,2,4,88.0
508,Update network,10,True,True,2018-12-21T07:35:14Z,2018-12-21T07:35:14Z,0,2,0,1,1,1,2,2239.0
507,Merge pull request #1 from CyC2018/master,6,True,True,2018-12-19T14:01:13Z,2018-12-19T14:01:13Z,0,2,0,0,0,0,0,568.0
363,增加一些数据库数据访问方面的优化方法,0,True,True,2018-08-09T14:56:59Z,2018-08-09T14:56:59Z,0,3,6,2,64,4,68,125816.0
499,docs(notes): update coding-interview,0,True,False,,2018-12-18T16:02:53Z,0,2,4,1,7,13,20,0
497,Update Leetcode 题解.md,10,True,True,2018-12-17T10:25:14Z,2018-12-17T10:25:14Z,0,2,0,1,22,14,36,67110.0
496,docs(notes): update coding-interview 10.4,84,True,True,2018-12-16T13:56:26Z,2018-12-16T13:56:26Z,0,2,0,2,34,0,34,1082.0
495,docs(notes): update coding-interview 10.4,42,True,False,,2018-12-16T13:04:26Z,0,2,2,3,67,36,103,0
494,Merge pull request #1 from CyC2018/master,6,True,True,2018-12-14T01:14:27Z,2018-12-14T01:14:27Z,0,2,1,0,0,0,0,1634.0
493,docs(notes): update coding-interview 64,29,True,False,,2018-12-13T11:43:27Z,0,2,5,1,2,8,10,0
492,Update 设计模式.md,30,True,True,2018-12-12T02:38:44Z,2018-12-12T02:38:44Z,0,2,0,1,4,0,4,137873.0
491,Fixing typo in README.md.,0,True,True,2018-12-09T08:32:30Z,2018-12-09T08:32:30Z,0,2,0,1,1,1,2,17236.0
488,Update 剑指 offer 题解.md,0,True,True,2018-12-08T08:03:17Z,2018-12-08T08:03:17Z,0,2,1,1,49,0,49,16145.0
489,修改描述,53,True,True,2018-12-08T07:41:59Z,2018-12-08T07:41:59Z,0,2,0,1,1,1,2,4767.0
487,Update 剑指 offer 题解.md,0,True,False,,2018-12-08T03:39:10Z,0,1,0,1,50,1,51,0
480,添加《深入Java虚拟机》——不同于《深入理解Java虚拟机》，内容很棒！,166,True,True,2018-12-04T04:29:55Z,2018-12-04T04:29:55Z,0,2,0,1,1,0,1,4872.0
479,拉去最新版本,0,True,True,2018-12-04T02:42:14Z,2018-12-04T02:42:14Z,0,2,0,0,0,0,0,263.0
478,代码规范添加阿里巴巴Java开发手册,0,True,True,2018-12-02T15:49:52Z,2018-12-02T15:49:52Z,0,2,0,1,2,0,2,101.0
475,misspelled: IllegalMonitorStateExeception TO IllegalMonitorStateException,0,True,True,2018-12-02T10:59:41Z,2018-12-02T10:59:41Z,0,2,0,1,1,1,2,155.0
473,Update 数据库系统原理.md,11,True,False,,2018-12-01T13:35:22Z,0,2,1,1,7,0,7,0
471,Update Java 容器.md,95,True,True,2018-11-30T03:12:37Z,2018-11-30T03:12:37Z,0,2,0,1,1,1,2,73373.0
472,Update Java 基础.md,9,True,True,2018-11-30T03:06:47Z,2018-11-30T03:06:47Z,0,2,0,1,9,9,18,72932.0
469,Update Java IO.md,40,True,True,2018-11-28T08:21:10Z,2018-11-28T08:21:10Z,0,2,0,1,1,1,2,142.0
470,Update Java IO.md,20,True,True,2018-11-28T08:28:14Z,2018-11-28T08:28:14Z,0,2,0,1,1,1,2,248.0
468,Update 分布式.md,18,True,True,2018-11-25T14:12:56Z,2018-11-25T14:12:56Z,0,2,0,1,1,1,2,7819.0
467,Update 剑指 offer 题解.md,0,True,True,2018-11-24T12:35:36Z,2018-11-24T12:35:36Z,0,2,0,1,1,1,2,423.0
466,farward -> forward,8,True,True,2018-11-24T11:32:59Z,2018-11-24T11:32:59Z,0,2,0,1,1,1,2,5868.0
464,update OPT,0,True,True,2018-11-23T15:09:57Z,2018-11-23T15:09:57Z,0,2,0,1,1,1,2,18045.0
463,classfier->classifier,365,True,True,2018-11-22T12:20:48Z,2018-11-22T12:20:48Z,0,2,0,1,1,1,2,1615.0
462,修复不能访问的链接,53,True,True,2018-11-21T12:58:40Z,2018-11-21T12:58:41Z,0,2,0,1,1,1,2,4193.0
460,暂缓区->暂存区,76,True,True,2018-11-20T14:30:04Z,2018-11-20T14:30:04Z,0,2,0,1,2,2,4,12100.0
456,修改分布式部分中部分描述不准确的地方，修改Paxos部分描述,103,True,True,2018-11-19T16:30:12Z,2018-11-19T16:30:12Z,0,2,1,1,8,26,34,100234.0
455,Fix typo,0,True,True,2018-11-19T15:25:39Z,2018-11-19T15:25:39Z,0,2,0,2,6,6,12,273341.0
457,implement -> implements,23,True,True,2018-11-19T15:24:13Z,2018-11-19T15:24:13Z,0,2,0,1,1,1,2,12328.0
454,Merge pull request #1 from CyC2018/master,2,True,False,,2018-11-09T08:10:16Z,0,1,0,0,0,0,0,0
453,修复错误内容,16,True,True,2018-11-02T08:38:57Z,2018-11-02T08:38:58Z,0,2,0,1,1,1,2,1957.0
452,错别字修改,29,True,True,2018-10-30T09:49:27Z,2018-10-30T09:49:27Z,0,2,0,1,1,1,2,21512.0
451,Create pdf,0,True,False,,2018-10-30T09:47:41Z,0,2,0,1,1,0,1,0
450,Update 重构.md,11,True,True,2018-10-26T16:22:32Z,2018-10-26T16:22:32Z,0,2,0,1,1,1,2,10264.0
447,Update Leetcode 题解.md,0,True,False,,2018-10-26T07:48:22Z,0,1,0,1,1,0,1,0
448,fix link of chinese copywriting guidelines,44,True,True,2018-10-26T07:47:11Z,2018-10-26T07:47:11Z,0,2,0,1,1,1,2,346286.0
445,Haiker2011 patch interview,12,True,False,,2018-10-20T11:41:59Z,0,1,1,2,2456,0,2456,0
279,Fixed typos in Locking Protocol,84,True,True,2018-06-14T02:18:07Z,2018-06-14T02:18:07Z,0,2,0,1,3,3,6,34589.0
444,Update 缓存.md,0,True,True,2018-10-16T13:56:14Z,2018-10-16T13:56:14Z,0,2,1,1,8,3,11,2124.0
437,Update README.md,77,True,False,,2018-10-01T11:01:00Z,0,2,2,1,10,7,17,0
436,Haiker2011 patch own interview,8,True,False,,2018-09-28T08:14:07Z,0,1,0,2,801,0,801,0
429, Update 设计模式,0,True,False,,2018-09-24T13:06:46Z,0,2,3,1,3,3,6,0
435,上升子序列,49,True,True,2018-09-23T15:04:44Z,2018-09-23T15:04:44Z,0,2,0,1,1,1,2,445.0
433,Newton raphson,0,True,False,,2018-09-23T09:03:41Z,0,1,0,3,150,0,150,0
432,Add more code.,0,True,False,,2018-09-22T13:59:51Z,0,1,0,2,92,0,92,0
427,[BUG_FIX] 修改名称错误，事务特性为 ACID,57,True,True,2018-09-19T07:57:41Z,2018-09-19T07:57:41Z,0,2,0,1,2,1,3,145.0
425,Fix issues in House Robber and Minimum Path Sum sample code,129,True,True,2018-09-19T01:38:26Z,2018-09-19T01:38:26Z,0,2,0,1,13,22,35,74699.0
426,mask计算错误,54,True,True,2018-09-19T01:34:46Z,2018-09-19T01:34:46Z,0,2,0,1,1,1,2,54123.0
423,Update SUMMARY.md,13,True,True,2018-09-18T01:19:13Z,2018-09-18T01:19:13Z,0,2,0,1,19,6,25,41750.0
424,"Java基础：更改""final关键字4.""错误，应是private的特性。",23,True,True,2018-09-17T16:51:27Z,2018-09-17T16:51:27Z,0,2,0,1,0,4,4,218.0
422,更正 Java I/O 链接,0,True,False,,2018-09-17T13:13:15Z,0,1,0,1,1,1,2,0
421,Update 剑指 offer 题解.md,6,True,True,2018-09-16T08:41:43Z,2018-09-16T08:41:43Z,0,2,3,1,1,1,2,8537.0
419,Java 基础 “隐式类型转换”中++和+=效果一样，也会执行隐式的类型转换,0,True,True,2018-09-14T06:22:27Z,2018-09-14T06:22:27Z,0,2,0,1,2,1,3,519.0
418,Java 基础，对final关键字补充构造器相关点,0,True,True,2018-09-14T03:35:43Z,2018-09-14T03:35:43Z,0,2,0,1,4,0,4,209.0
413,Update 数据库系统原理.md,29,True,True,2018-09-13T12:47:22Z,2018-09-13T12:47:23Z,0,2,4,1,6,6,12,195142.0
416,String poll笔误修改 227~272行,0,True,True,2018-09-13T11:01:29Z,2018-09-13T11:01:29Z,0,2,0,1,3,3,6,2163.0
415,Merge pull request #1 from CyC2018/master,4,True,True,2018-09-12T02:45:33Z,2018-09-12T02:45:33Z,0,2,0,0,0,0,0,746.0
412,Update Java 基础.md,0,True,True,2018-09-10T07:47:02Z,2018-09-10T07:47:02Z,0,2,0,1,2,2,4,78.0
407,update 设计模式.md,8,True,True,2018-09-06T10:33:48Z,2018-09-06T10:33:48Z,0,2,0,1,38,4,42,299.0
408,Update 设计模式.md,8,True,True,2018-09-07T03:09:17Z,2018-09-07T03:09:17Z,0,2,0,1,5,5,10,90.0
417,Java 基础 219行笔误,11,True,True,2018-09-13T11:00:56Z,2018-09-13T11:00:56Z,0,2,0,1,1,1,2,2111.0
409,fix: fix several typos in 'Java 容器.md',0,True,True,2018-09-07T05:54:57Z,2018-09-07T05:54:57Z,0,2,0,1,3,3,6,5930.0
401,单例模式添加枚举实现,0,True,True,2018-09-06T10:03:38Z,2018-09-06T10:03:38Z,0,2,3,1,48,0,48,90096.0
403,Added the mentioned cases for Reader-Writer problem,53,True,True,2018-09-06T10:13:53Z,2018-09-06T10:13:53Z,0,2,0,1,114,0,114,62316.0
405,the difference of new and malloc(c++/C),0,True,True,2018-09-06T09:17:52Z,2018-09-06T09:17:52Z,0,2,0,1,18,0,18,20638.0
404,Update 计算机操作系统.md,23,True,True,2018-09-06T09:18:48Z,2018-09-06T09:18:48Z,0,2,0,1,1,1,2,28632.0
400,add,11,True,True,2018-09-05T04:43:20Z,2018-09-05T04:43:20Z,0,3,0,2,152,0,152,4040.0
398,Update 算法.md,0,True,False,,2018-09-05T04:59:53Z,0,2,1,1,50,0,50,0
352,Update 设计模式.md,112,True,False,,2018-08-04T15:10:20Z,1,3,1,1,2,8,10,0
391,modify mistakes,0,True,True,2018-08-28T16:41:33Z,2018-08-28T16:41:33Z,0,2,0,1,1,1,2,4685.0
395,Update Java 虚拟机.md,0,True,True,2018-08-30T12:24:21Z,2018-08-30T12:24:21Z,0,2,0,1,25,1,26,32878.0
386,增加了空分复用技术的例子,22,True,True,2018-08-28T13:54:24Z,2018-08-28T13:54:24Z,0,2,0,1,1,1,2,165688.0
382,merge,0,True,True,2018-08-23T01:48:09Z,2018-08-23T01:48:09Z,0,2,0,0,0,0,0,450.0
384,Update Java IO.md,22,True,False,,2018-08-23T12:51:50Z,0,2,1,1,2,2,4,0
385,Update MySQL.md,4,True,True,2018-08-24T02:38:56Z,2018-08-24T02:38:56Z,0,2,0,1,2,2,4,84.0
389,Update 剑指 offer 题解.md,79,True,True,2018-08-28T13:49:57Z,2018-08-28T13:49:57Z,0,2,0,1,1,1,2,80883.0
390,循环中查找的空格，如果填充的也是空格就死循环了,23,True,True,2018-08-28T13:49:44Z,2018-08-28T13:49:44Z,0,2,0,1,1,1,2,29700.0
380,选择不稳定，如2，2，1，第一个2会和1交换,0,True,True,2018-08-21T11:53:40Z,2018-08-21T11:53:40Z,0,2,0,1,1,1,2,4904.0
379,Update Java 并发.md,13,True,True,2018-08-21T11:55:33Z,2018-08-21T11:55:33Z,0,2,0,1,1,1,2,17064.0
377,补字,10,True,True,2018-08-20T12:31:46Z,2018-08-20T12:31:46Z,0,2,0,1,1,1,2,6289.0
376,修改拼写错误,0,True,True,2018-08-19T12:07:28Z,2018-08-19T12:07:28Z,0,2,0,1,1,1,2,5609.0
373,增加线程三种实现方式的比较,0,True,True,2018-08-17T13:18:24Z,2018-08-17T13:18:24Z,0,2,0,1,4,1,5,130912.0
370, fixed typo,0,True,True,2018-08-14T14:43:03Z,2018-08-14T14:43:03Z,0,2,0,1,1,1,2,361.0
367,Update Java 容器.md,14,True,True,2018-08-13T08:49:54Z,2018-08-13T08:49:54Z,0,2,0,1,1,1,2,234.0
368,自选锁 -> 自旋锁,0,True,True,2018-08-14T02:17:38Z,2018-08-14T02:17:38Z,0,2,0,1,1,1,2,33271.0
369,修改CyclicBarrier部分错误,86,True,True,2018-08-14T13:06:12Z,2018-08-14T13:06:12Z,0,2,1,1,1,1,2,22469.0
358,Dev,0,True,False,,2018-08-07T02:05:03Z,0,2,2,13,760,33,793,0
361,repo 链接有误,0,True,True,2018-08-07T12:01:45Z,2018-08-07T12:01:45Z,0,2,0,1,2,2,4,5715.0
362,Update 剑指 offer 题解.md,0,True,False,,2018-08-09T14:53:13Z,0,2,1,1,21,31,52,0
364,Update 剑指 offer 题解.md,9,True,True,2018-08-09T14:28:20Z,2018-08-09T14:28:20Z,0,2,0,1,23,0,23,84644.0
366,List <|.. LinkeList  to  List <|.. LinkedList,0,True,True,2018-08-12T14:40:19Z,2018-08-12T14:40:19Z,0,2,0,1,1,1,2,1219.0
360,Update Java 容器.md,17,True,True,2018-08-07T03:10:30Z,2018-08-07T03:10:30Z,0,2,0,1,2,2,4,1857.0
359,create leetcode solutions files in /other path,31,True,True,2018-08-06T15:24:01Z,2018-08-06T15:24:01Z,0,2,0,1,37,0,37,361.0
357,add refactoring kata into 重构.md,31,True,True,2018-08-05T15:32:03Z,2018-08-05T15:32:03Z,0,2,0,1,5,0,5,20471.0
355,Update 算法.md,0,True,True,2018-08-05T06:32:02Z,2018-08-05T06:32:02Z,0,2,0,1,1,1,2,55479.0
135,Leetcode 题解 ,18,True,True,2018-04-02T13:53:25Z,2018-04-02T13:53:25Z,0,2,0,1,3,3,6,2320.0
136,fix error,8,True,True,2018-04-02T14:19:10Z,2018-04-02T14:19:10Z,0,2,0,1,1,1,2,157.0
139,loadBlance ipHash,10,True,True,2018-04-03T01:40:43Z,2018-04-03T01:40:43Z,0,2,0,2,7,0,7,572.0
141,fix ,18,True,True,2018-04-03T02:10:39Z,2018-04-03T02:10:39Z,0,2,1,3,9,0,9,65.0
125,Fix an error in Java basic,27,True,True,2018-04-01T09:39:52Z,2018-04-01T09:39:52Z,0,2,0,1,1,1,2,205.0
127,fix error,0,True,True,2018-04-01T13:14:26Z,2018-04-01T13:14:26Z,0,2,0,1,1,1,2,63.0
129,Update HTTP.md,30,True,True,2018-04-01T14:16:10Z,2018-04-01T14:16:10Z,0,2,1,1,34,5,39,616.0
131,redis lru/ttl,16,True,True,2018-04-02T05:43:03Z,2018-04-02T05:43:03Z,0,2,0,1,2,0,2,266.0
350,Update Java 并发.md,0,True,True,2018-08-02T14:13:02Z,2018-08-02T14:13:02Z,0,2,0,1,1,1,2,13356.0
353,Update Java 基础.md,32,True,True,2018-08-04T08:19:49Z,2018-08-04T08:19:49Z,0,2,0,1,1,1,2,77734.0
354,Update Java 虚拟机.md,18,True,True,2018-08-04T08:19:02Z,2018-08-04T08:19:02Z,0,2,0,1,2,2,4,17728.0
351,增加 ”参数传递“ 中一点内容,46,True,True,2018-08-02T14:45:00Z,2018-08-02T14:45:00Z,0,2,0,1,15,1,16,252.0
144,typo,15,True,True,2018-04-04T01:53:44Z,2018-04-04T01:53:44Z,0,2,0,1,1,1,2,84.0
148,Update Leetcode 题解.md,0,True,False,,2018-04-04T09:09:10Z,0,2,3,1,2,2,4,0
150,更正笔误，“睡眠手段不会释放对象锁”,0,True,True,2018-04-05T02:48:09Z,2018-04-05T02:48:09Z,0,2,0,1,1,1,2,63.0
157,Update 数据库系统原理.md,9,True,True,2018-04-06T14:00:33Z,2018-04-06T14:00:33Z,0,2,0,1,2,2,4,1683.0
164,Update 计算机网络.md,36,True,True,2018-04-08T07:17:51Z,2018-04-08T07:17:51Z,0,2,0,1,1,1,2,725.0
165,单例模式 volatile 的作用,0,True,True,2018-04-08T14:57:21Z,2018-04-08T14:57:21Z,0,3,19,1,13,0,13,754.0
166,第9题-增加出队为空的判断,0,True,True,2018-04-09T01:29:01Z,2018-04-09T01:29:01Z,0,2,0,1,4,1,5,32879.0
167,git reset  files,76,True,True,2018-04-09T01:24:41Z,2018-04-09T01:24:41Z,0,2,0,1,1,1,2,5059.0
169,Fix: find command in Linux Chapter,0,True,True,2018-04-09T02:33:57Z,2018-04-09T02:33:57Z,0,2,0,1,2,1,3,1599.0
170,java static,10,True,True,2018-04-09T07:13:44Z,2018-04-09T07:13:44Z,0,2,0,1,10,0,10,108.0
171,Update Java 并发.md,7,True,True,2018-04-09T09:14:48Z,2018-04-09T09:14:48Z,0,2,0,1,1,1,2,54.0
172,Update 数据库系统原理.md,27,True,False,,2018-04-09T13:43:00Z,0,2,0,1,15,4,19,0
173,"0~2n -> [0, 2n-1]",12,True,True,2018-04-10T02:56:01Z,2018-04-10T02:56:01Z,0,2,0,1,1,1,2,87.0
174,improve juc,22,True,True,2018-04-10T03:14:09Z,2018-04-10T03:14:09Z,0,2,3,1,3,2,5,104.0
176,Merge pull request #1 from CyC2018/master,14,True,False,,2018-04-10T08:03:05Z,0,2,0,0,0,0,0,0
72,Update Java IO.md,9,True,True,2018-03-19T07:32:48Z,2018-03-19T07:32:48Z,0,3,1,1,2,2,4,111.0
75,补充 select poll epoll 的相关知识点，该 epoll() 的括号都去除了，因为不存在这样一个方法,0,True,False,,2018-03-21T08:37:31Z,0,2,0,1,165,14,179,0
76,补充了 select poll epoll 的相关知识点，把 epoll() 的括号去了，因为并不存在这样的函数。,97,True,True,2018-03-21T09:12:34Z,2018-03-21T09:12:34Z,0,2,0,1,172,13,185,338.0
78,分布式 ID 生成器,0,True,True,2018-03-21T15:01:25Z,2018-03-21T15:01:25Z,0,2,0,1,2,1,3,2091.0
81,将原先有些拥挤且不易理解的图标用目录形式表现,22,True,True,2018-03-22T05:06:55Z,2018-03-22T05:06:55Z,0,2,0,1,9,1,10,477.0
82,提交了GET与POST的一点区别。,0,True,True,2018-03-22T06:07:47Z,2018-03-22T06:07:47Z,0,2,0,1,3,2,5,1543.0
84,fix small errors,16,True,True,2018-03-22T16:11:30Z,2018-03-22T16:11:30Z,0,2,1,1,2,2,4,2036.0
88,Update download.md,41,True,True,2018-03-24T10:13:45Z,2018-03-24T10:13:45Z,0,2,0,1,1,1,2,837.0
89,Translated files.,252,True,False,,2018-03-24T14:26:08Z,0,3,4,525,6067,55,6122,0
98,Update SQL.md,0,True,True,2018-03-26T07:32:33Z,2018-03-26T07:32:33Z,0,2,0,1,1,1,2,225.0
99,Update 分布式基础.md,0,True,True,2018-03-26T08:38:02Z,2018-03-26T08:38:02Z,0,2,0,1,1,1,2,295.0
100,Update README.md,0,True,False,,2018-03-26T10:55:05Z,0,2,0,1,1,2,3,0
101,Update 计算机操作系统.md,4,True,True,2018-03-26T13:50:18Z,2018-03-26T13:50:19Z,0,2,0,1,2,2,4,63.0
102,禁止指令重排,0,True,True,2018-03-26T23:39:06Z,2018-03-26T23:39:06Z,0,2,0,1,1,1,2,10039.0
104,Merge pull request #1 from CyC2018/master,18,True,False,,2018-03-27T05:34:30Z,0,2,0,0,0,0,0,0
107,Merge pull request #1 from CyC2018/master,16,True,False,,2018-03-28T03:39:46Z,0,2,0,0,0,0,0,0
109,改正了笔误，二叉查找树*前*序遍历有序改为*中*序遍历有序,25,True,True,2018-03-28T08:54:47Z,2018-03-28T08:54:47Z,0,2,0,1,1,1,2,384.0
112,Update MySQL.md,0,True,False,,2018-03-28T11:15:15Z,0,2,0,1,3,0,3,0
114,Update Java 容器.md,0,True,True,2018-03-29T12:35:24Z,2018-03-29T12:35:24Z,0,2,0,1,1,1,2,347.0
115,Merge pull request #1 from CyC2018/master,13,True,False,,2018-03-29T16:06:17Z,0,3,0,0,0,0,0,0
116,Merge pull request #1 from CyC2018/master,13,True,False,,2018-03-29T16:28:20Z,0,3,0,0,0,0,0,0
117,Merge pull request #1 from CyC2018/master,16,True,False,,2018-03-30T02:02:54Z,0,2,0,0,0,0,0,0
118,improve ThreadLocal,20,True,True,2018-03-30T02:43:06Z,2018-03-30T02:43:06Z,0,2,0,1,5,0,5,342.0
120,Updata HTTP.md,77,True,True,2018-03-31T08:53:47Z,2018-03-31T08:53:47Z,0,2,0,1,1,1,2,145.0
122,Update HTTP.md,69,True,True,2018-04-01T02:39:38Z,2018-04-01T02:39:38Z,0,2,0,1,12,12,24,386.0
198,查了下，官方用noeviction,54,True,True,2018-04-14T12:45:37Z,2018-04-14T12:45:37Z,0,3,2,1,1,1,2,111.0
197,拼写错误,32,True,True,2018-04-14T12:36:30Z,2018-04-14T12:36:30Z,0,2,1,1,1,1,2,125.0
195,"fix mispell, strongest compulsively",0,True,True,2018-04-13T12:41:42Z,2018-04-13T12:41:42Z,0,2,0,2,7,7,14,2094.0
192,fix mispell,0,True,True,2018-04-13T06:06:48Z,2018-04-13T06:06:48Z,0,2,0,1,3,3,6,55.0
188,Java 虚拟机 bugfix,0,True,True,2018-04-12T08:56:49Z,2018-04-12T08:56:49Z,0,2,0,1,1,1,2,2861.0
186,修改勘误.,0,True,True,2018-04-11T12:39:01Z,2018-04-11T12:39:01Z,0,2,0,1,1,1,2,14964.0
184,添加 sychronized 的参数传递过程,0,True,False,,2018-04-12T09:07:24Z,0,2,0,1,53,0,53,0
180,typo,8,True,True,2018-04-10T11:05:24Z,2018-04-10T11:05:24Z,0,2,0,1,1,1,2,4630.0
178,Update Java 基础.md,21,True,True,2018-04-10T09:18:36Z,2018-04-10T09:18:36Z,0,2,0,1,1,1,2,796.0
177,Merge pull request #1 from CyC2018/master,14,True,False,,2018-04-10T08:08:28Z,0,2,1,0,0,0,0,0
201,修复了linux.md中关于select/poll/epoll/异步I/O的错误描述,166,True,True,2018-04-15T12:49:49Z,2018-04-15T12:49:49Z,0,2,0,3,2,8,10,3788.0
202,fix a mistake,26,True,True,2018-04-17T13:12:19Z,2018-04-17T13:12:19Z,0,2,1,1,7,5,12,159385.0
206,Merge pull request #1 from CyC2018/master,2,True,True,2018-04-17T13:10:21Z,2018-04-17T13:10:21Z,0,2,0,0,0,0,0,98712.0
209,java 8中永久代被替换为Metaspace,23,True,False,,2018-04-17T07:01:17Z,0,2,0,1,1,1,2,0
21,Update MySQL.md,0,True,True,2018-03-05T04:01:14Z,2018-03-05T04:01:14Z,0,2,0,1,2,2,4,96.0
22,Java 容器纠错,37,True,True,2018-03-05T07:15:54Z,2018-03-05T07:15:54Z,0,2,1,1,1,1,2,56.0
23,修改错别字,18,True,True,2018-03-06T08:31:56Z,2018-03-06T08:31:56Z,0,2,0,1,1,1,2,62.0
24,添加一些其他常见的面向对象原则,2,True,True,2018-03-06T10:28:01Z,2018-03-06T10:28:01Z,0,2,0,1,37,0,37,596.0
28,Update SQL 语法.md,0,True,False,,2018-03-08T08:03:31Z,0,2,0,1,3,1,4,0
29,Java 并发 错别字,6,True,True,2018-03-08T08:38:54Z,2018-03-08T08:38:54Z,0,2,0,1,1,1,2,158.0
31,docs: 新增 ArrayList 结构发生变化的说明,22,True,True,2018-03-08T11:53:02Z,2018-03-08T11:53:02Z,0,2,0,1,3,1,4,612.0
32,修改《计算机操作系统》中的错误,0,True,True,2018-03-09T09:20:57Z,2018-03-09T09:20:57Z,0,2,0,1,2,2,4,105.0
34,Update Java 容器.md,0,True,True,2018-03-09T23:50:48Z,2018-03-09T23:50:48Z,0,2,0,1,2,2,4,21071.0
36,docs: 新增 Binder 说明,12,True,False,,2018-03-10T09:37:45Z,0,2,3,1,4,0,4,0
37,数据库系统原理勘误,97,True,True,2018-03-11T08:23:21Z,2018-03-11T08:23:21Z,0,2,6,1,4,4,8,523.0
38,Add LICENSE,0,True,False,,2018-03-11T12:50:03Z,0,2,6,1,427,0,427,0
41,:fire: 删除重复文字,0,True,True,2018-03-12T08:26:04Z,2018-03-12T08:26:04Z,0,2,0,1,1,1,2,136.0
45,JVM 中的一些优化及重复字符,0,True,True,2018-03-12T10:43:49Z,2018-03-12T10:43:49Z,0,2,0,2,9,5,14,156.0
58,Update 计算机操作系统.md,0,True,False,,2018-03-14T14:43:04Z,0,2,0,1,9,3,12,0
57,:pencil2: Fixing typos.,0,True,True,2018-03-14T12:52:33Z,2018-03-14T12:52:33Z,0,2,0,1,2,2,4,44.0
51,Update 剑指 offer 题解.md,23,True,True,2018-03-13T13:32:36Z,2018-03-13T13:32:36Z,0,2,0,1,8,0,8,419.0
50,Update 计算机操作系统.md,0,True,True,2018-03-13T11:00:06Z,2018-03-13T11:00:06Z,0,2,1,1,2,2,4,256.0
46,update the code related to 'SoftReference' usage,0,True,True,2018-03-13T02:22:31Z,2018-03-13T02:22:31Z,0,2,0,1,3,1,4,112.0
47,Mysql,14,True,True,2018-03-13T08:06:05Z,2018-03-13T08:06:05Z,0,2,0,1,6,0,6,174.0
59,typo,0,True,True,2018-03-15T09:15:30Z,2018-03-15T09:15:30Z,0,2,0,1,1,1,2,46.0
64,Merge pull request #1 from CyC2018/master,6,True,False,,2018-03-17T08:35:20Z,0,2,0,0,0,0,0,0
68,Update 计算机操作系统.md,6,True,True,2018-03-18T01:38:37Z,2018-03-18T01:38:38Z,0,2,1,1,1,1,2,185.0
70,Update JVM.md,14,True,True,2018-03-19T03:08:58Z,2018-03-19T03:08:58Z,0,2,1,1,5,5,10,167.0
71,Update Java 并发.md,28,True,True,2018-03-19T03:44:26Z,2018-03-19T03:44:26Z,0,2,0,1,11,11,22,126.0
20,Update MySQL.md,0,True,True,2018-03-05T03:31:17Z,2018-03-05T03:31:18Z,0,2,0,1,2,2,4,40.0
19,Update MySQL.md,0,True,False,,2018-03-05T03:29:39Z,0,2,0,1,1,1,2,0
18,java多线程,0,True,False,,2018-03-04T04:08:31Z,0,2,2,1,15,0,15,0
17,错别字,76,True,True,2018-03-03T14:18:06Z,2018-03-03T14:18:06Z,0,2,1,1,3,3,6,88.0
16,"fix ""semaphore"" typo",18,True,True,2018-03-03T07:47:23Z,2018-03-03T07:47:23Z,0,2,1,1,7,7,14,173.0
14,Update Leetcode 题解.md,31,True,True,2018-03-01T13:23:02Z,2018-03-01T13:23:02Z,0,2,0,1,5,7,12,366.0
10,Update HTTP.md,13,True,True,2018-03-01T00:27:41Z,2018-03-01T00:27:41Z,0,2,3,1,1,1,2,64.0
9,Update HTTP.md,10,True,True,2018-03-01T00:25:07Z,2018-03-01T00:25:07Z,0,2,0,1,1,1,2,130.0
7,补充了TCP拥塞控制的流程图,0,True,True,2018-02-27T10:21:22Z,2018-02-27T10:21:22Z,0,2,2,2,490,403,893,832.0
6,Update 计算机网络.md,0,True,True,2018-02-27T10:21:23Z,2018-02-27T10:21:23Z,0,2,0,1,488,403,891,2729.0
2,订正标题中的单词拼写 ( race → trace ),0,True,True,2018-02-23T10:08:41Z,2018-02-23T10:08:41Z,0,2,0,1,223,223,446,747.0
349,Typos,0,True,True,2018-08-02T00:21:41Z,2018-08-02T00:21:41Z,0,2,0,1,3,3,6,622.0
348,fix typos,0,True,True,2018-08-01T12:02:22Z,2018-08-01T12:02:22Z,0,2,0,1,5,5,10,5989.0
347,Java 函数重写时，子类的返回值类型要等于或者小于父类的返回值,0,True,True,2018-08-01T12:04:19Z,2018-08-01T12:04:19Z,0,2,0,1,2,2,4,68842.0
341,export | cut -c 12-,19,True,True,2018-07-28T04:20:50Z,2018-07-28T04:20:50Z,0,2,0,1,1,1,2,2012.0
210,修正笔误,0,True,True,2018-04-18T05:19:03Z,2018-04-18T05:19:04Z,0,2,0,1,1,1,2,23153.0
211,Update Java 并发.md,22,True,True,2018-04-18T05:18:54Z,2018-04-18T05:18:54Z,0,2,0,1,1,1,2,4593.0
212,Merge pull request #1 from CyC2018/master,2,True,True,2018-04-18T05:51:50Z,2018-04-18T05:51:50Z,0,2,3,0,0,0,0,69.0
213,Update Java 虚拟机.md,13,True,True,2018-04-18T14:00:26Z,2018-04-18T14:00:26Z,0,2,0,1,1,1,2,10720.0
215,Update MySQL.md,0,True,False,,2018-04-20T14:08:49Z,0,2,1,1,1,1,2,0
217,Merge pull request #1 from CyC2018/master,8,True,True,2018-04-21T13:42:41Z,2018-04-21T13:42:41Z,0,2,0,0,0,0,0,33040.0
218,Update,0,True,False,,2018-04-21T06:39:00Z,0,3,0,0,0,0,0,0
219,一个错别字,17,True,True,2018-04-21T12:08:14Z,2018-04-21T12:08:14Z,0,3,0,1,1,1,2,18933.0
221,update error,61,True,False,,2018-04-23T13:18:22Z,0,2,4,1,2,1,3,0
222,一些表述错误修正,189,True,True,2018-04-22T06:03:46Z,2018-04-22T06:03:46Z,0,2,3,3,10,10,20,5760.0
225,表述修正,0,True,True,2018-04-25T05:53:05Z,2018-04-25T05:53:05Z,0,3,1,3,5,5,10,5110.0
226,regex,19,True,True,2018-04-25T08:14:21Z,2018-04-25T08:14:21Z,0,2,0,1,1,1,2,3625.0
227,Update README.md,0,True,True,2018-04-26T03:14:15Z,2018-04-26T03:14:15Z,0,2,0,1,2,2,4,456.0
229,fix error,0,True,True,2018-04-27T02:26:40Z,2018-04-27T02:26:40Z,0,2,0,1,1,1,2,40834.0
230,Merge pull request #2 from CyC2018/master,11,True,True,2018-04-27T02:26:28Z,2018-04-27T02:26:28Z,0,2,1,0,0,0,0,3204.0
231,线程安全定义,0,True,True,2018-04-27T04:47:36Z,2018-04-27T04:47:36Z,0,2,0,2,12,2,14,4490.0
233,修改部分错别字,0,True,True,2018-04-28T05:54:43Z,2018-04-28T05:54:43Z,0,2,0,1,1,1,2,55549.0
237,增加 Java内部类,0,True,True,2018-05-19T09:13:33Z,2018-05-19T09:13:33Z,0,2,0,1,223,0,223,1819193.0
240,JDK1.7、8 已经修改为双向链表,31,True,True,2018-05-04T14:05:52Z,2018-05-04T14:05:52Z,0,2,0,1,1,1,2,15162.0
242,Update SQL.md,28,True,True,2018-05-07T04:20:18Z,2018-05-07T04:20:18Z,0,2,0,1,4,1,5,6797.0
245,"reapired the mistake ,which is the regular expression can inut a nill…",25,True,True,2018-05-11T08:21:32Z,2018-05-11T08:21:32Z,0,2,0,1,1,0,1,14971.0
246,为计算机网络章节制作了脑图,25,True,False,,2018-05-11T17:01:23Z,0,2,0,1,0,0,0,0
247,根据计算机网络章节内容制作了脑图,29,True,True,2018-05-19T09:13:49Z,2018-05-19T09:13:49Z,0,2,2,1,0,0,0,662728.0
248,find some mistakes,180,True,True,2018-05-12T13:21:39Z,2018-05-12T13:21:39Z,0,2,7,1,35,36,71,17059.0
249,Update HTTP.md,6,True,True,2018-05-16T14:01:12Z,2018-05-16T14:01:12Z,0,2,0,1,1,1,2,187111.0
251,Update Leetcode 题解.md,8,True,True,2018-05-16T14:00:48Z,2018-05-16T14:00:48Z,0,2,0,1,1,1,2,22465.0
255,fix typo,0,True,True,2018-05-18T14:02:05Z,2018-05-18T14:02:05Z,0,2,0,1,1,1,2,40348.0
256,Update 数据库系统原理.md,5,True,False,,2018-05-18T14:01:49Z,0,2,1,1,1,1,2,0
257,Update 数据库系统原理.md,28,True,True,2018-05-18T14:00:22Z,2018-05-18T14:00:22Z,0,2,0,1,1,1,2,31939.0
260,Merge pull request #3 from CyC2018/master,6,True,True,2018-05-23T09:04:21Z,2018-05-23T09:04:21Z,0,2,0,0,0,0,0,148237.0
261,Update README.md,31,True,False,,2018-06-02T06:54:38Z,0,2,0,1,5,0,5,0
262,fix typo,0,True,True,2018-05-25T13:38:00Z,2018-05-25T13:38:00Z,0,2,0,1,1,1,2,436.0
264,Update 计算机操作系统.md,42,True,True,2018-05-30T10:30:51Z,2018-05-30T10:30:51Z,0,2,0,2,28,2,30,121408.0
267,Update HTTP,37,True,True,2018-06-02T06:53:53Z,2018-06-02T06:53:53Z,0,2,0,1,21,0,21,191393.0
269,Update 正则表达式.md,0,True,False,,2018-05-31T08:36:55Z,0,2,0,1,1,1,2,0
270,"增加UDP,TCP通信特点",0,True,True,2018-06-02T06:53:44Z,2018-06-02T06:53:44Z,0,2,0,1,2,2,4,65611.0
271,Update 计算机网络.md,9,True,True,2018-06-02T06:53:34Z,2018-06-02T06:53:34Z,0,2,0,1,31,0,31,11364.0
275,Update Java 并发.md,5,True,True,2018-06-11T08:32:42Z,2018-06-11T08:32:42Z,0,2,0,1,1,1,2,1606.0
277,Update Java 并发.md,5,True,True,2018-06-11T09:29:45Z,2018-06-11T09:29:45Z,0,2,0,1,1,1,2,28.0
284,Update Java 并发.md,39,True,True,2018-06-18T07:02:14Z,2018-06-18T07:02:14Z,0,2,1,1,12,1,13,17546.0
288,Update Java 基础.md,7,True,True,2018-06-21T11:28:25Z,2018-06-21T11:28:25Z,0,2,0,1,1,1,2,2552.0
290,Update Java 基础.md,6,True,True,2018-06-22T08:08:51Z,2018-06-22T08:08:51Z,0,2,0,1,1,1,2,274.0
296,"Fix typo, HACH => HACK",11,True,True,2018-06-28T02:04:22Z,2018-06-28T02:04:22Z,0,2,1,1,1,1,2,7739.0
297,Update Linux.md,7,True,True,2018-06-28T05:54:30Z,2018-06-28T05:54:30Z,0,2,0,1,2,0,2,11636.0
300,Update Java 虚拟机.md,15,True,True,2018-06-30T05:45:52Z,2018-06-30T05:45:52Z,0,2,0,1,1,1,2,377.0
301,update socket,4,True,True,2018-07-02T04:12:12Z,2018-07-02T04:12:12Z,0,2,0,1,2,2,4,1101.0
302,a sql typo,4,True,True,2018-07-02T05:03:31Z,2018-07-02T05:03:31Z,0,2,0,1,1,1,2,685.0
292,serializable 单词写错了,18,True,True,2018-06-25T03:48:31Z,2018-06-25T03:48:31Z,0,2,0,1,2,2,4,1996.0
281,typo in two sum,8,True,True,2018-06-15T01:30:34Z,2018-06-15T01:30:34Z,0,2,0,1,1,1,2,30645.0
274,错别字修改,5,True,True,2018-06-09T09:02:04Z,2018-06-09T09:02:04Z,0,2,0,1,1,1,2,705.0
303,错别字修改,6,True,True,2018-07-03T09:05:56Z,2018-07-03T09:05:56Z,0,2,0,1,2,2,4,1497.0
304,Update the algorithm for 二叉搜索树的后序遍历序列,0,True,False,,2018-07-06T10:59:20Z,0,2,1,1,2,2,4,0
305,Update 剑指 offer 题解.md,86,True,False,,2018-07-06T11:01:24Z,0,2,1,1,2,1,3,0
307,修改几处笔误,27,True,True,2018-07-09T14:58:51Z,2018-07-09T14:58:51Z,0,2,0,2,3,3,6,11547.0
308,新增一本值得一看的OS书,158,True,True,2018-07-10T15:08:51Z,2018-07-10T15:08:51Z,0,2,0,1,1,0,1,35292.0
311,已解决冲突，增加单例的另一种实现,0,True,True,2018-07-10T23:29:03Z,2018-07-10T23:29:03Z,0,2,0,2,23,1,24,28829.0
313,修改Pro Git的链接,14,True,True,2018-07-10T23:29:49Z,2018-07-10T23:29:49Z,0,2,0,1,1,1,2,14446.0
318,Update 数据库系统原理.md,9,True,True,2018-07-12T08:18:51Z,2018-07-12T08:18:51Z,0,2,0,1,1,1,2,2755.0
319,Merge pull request #1 from CyC2018/master,8,True,True,2018-07-12T11:03:29Z,2018-07-12T11:03:29Z,0,2,1,0,0,0,0,3653.0
321,CopyOnWriteArrayList简介,29,True,True,2018-07-12T14:07:46Z,2018-07-12T14:07:46Z,0,2,0,2,30,0,30,8412.0
320,CopyOnWriteArrayList补充,39,True,False,,2018-07-12T11:37:25Z,0,2,0,2,31,0,31,0
310,单例模式的静态内部类实现方式,14,True,False,,2018-07-10T15:26:39Z,0,2,1,2,23,1,24,0
324,Update HTTP.md,6,True,True,2018-07-16T04:47:45Z,2018-07-16T04:47:45Z,0,2,1,1,1,1,2,4383.0
323,fix typo,0,True,True,2018-07-14T12:30:40Z,2018-07-14T12:30:40Z,0,2,0,1,1,1,2,17066.0
322,fix typo,0,True,True,2018-07-14T04:19:33Z,2018-07-14T04:19:33Z,0,2,0,1,1,1,2,2558.0
317,Fix typ (eopll -> epoll),0,True,True,2018-07-12T04:22:52Z,2018-07-12T04:22:52Z,0,2,0,1,2,2,4,769.0
325,Update HTTP.md,4,True,True,2018-07-16T07:18:22Z,2018-07-16T07:18:22Z,0,2,0,1,1,1,2,2206.0
326,修补在 SUMMARY.md 的错误的网址。,137,True,True,2018-07-17T13:30:50Z,2018-07-17T13:30:50Z,0,4,4,1,8,8,16,11876.0
327,Update Java 并发.md,74,True,True,2018-07-18T06:05:26Z,2018-07-18T06:05:26Z,0,2,0,1,1,1,2,54617.0
329,sql练习题,4,True,True,2018-07-19T02:49:13Z,2018-07-19T02:49:13Z,0,2,0,1,432,0,432,52754.0
330,Merge pull request #4 from CyC2018/master,2,True,True,2018-07-19T02:47:27Z,2018-07-19T02:47:27Z,0,2,0,0,0,0,0,45083.0
331,update Java 基础.md,10,True,True,2018-07-19T03:03:24Z,2018-07-19T03:03:24Z,0,2,0,1,2,2,4,132.0
333,剑指offer 两个栈实现队列 解法错误修正,0,True,False,,2018-07-19T06:52:53Z,0,2,0,1,3,0,3,0
335,Update Java 容器.md,6,True,False,,2018-07-20T14:36:25Z,0,2,1,1,1,1,2,0
336,修改部分笔误,0,True,True,2018-07-23T13:25:27Z,2018-07-23T13:25:27Z,0,2,0,2,3,3,6,3557.0
339,修改笔误,0,True,True,2018-07-26T14:10:28Z,2018-07-26T14:10:29Z,0,2,0,1,2,2,4,4310.0
343,Update Linux.md,17,True,True,2018-07-30T08:12:28Z,2018-07-30T08:12:28Z,0,2,0,1,1,1,2,2695.0
345,Update SQL exercises,88,True,True,2018-07-31T10:21:56Z,2018-07-31T10:21:56Z,0,2,1,1,51,0,51,13252.0
346,change XSRF to CSRF,0,True,True,2018-07-31T10:22:06Z,2018-07-31T10:22:06Z,0,2,0,1,1,1,2,2959.0
293,fix leetcode contents,56,True,True,2018-06-25T12:00:00Z,2018-06-25T12:00:00Z,0,2,1,1,1,1,2,15739.0
241, jvm 修改永久代内容,10,True,True,2018-05-07T04:20:00Z,2018-05-07T04:20:00Z,0,2,0,1,1,1,2,52964.0
137,多线程开发良好的实践更新,0,True,True,2018-04-02T15:51:01Z,2018-04-02T15:51:01Z,0,2,0,1,7,2,9,140.0
134,repo README.md typo,16,True,True,2018-04-02T12:51:32Z,2018-04-02T12:51:32Z,0,2,0,1,1,1,2,73.0
12,add storage bytes number for **INT** in MySQL,68,True,True,2018-03-01T11:53:00Z,2018-03-01T11:53:00Z,0,2,0,1,1,1,2,341.0
